letter	frequency
0	3615.2690089551847
1	3974.70849204689
2	2153.2785972764977
3	16727.873960944562
4	2360.862488668011
5	12826.249157976465
6	4023.469001885797
G	.02022
H	.06094
I	.06973
J	.00153
K	.00747
L	.04025
M	.02517
N	.06749
O	.07507
P	.01929
Q	.00098
R	.05987
S	.06333
T	.09056
U	.02758
V	.01037
W	.02465
X	.00150
Y	.01971
Z	.00074